ex_id,conv_id,text,brand_reply,intent,route
0,2289800,"@AmazonHelp @115850 Amagent refusing delivery packets in Chaura Raghunath our village sector 22 noida, reason no House no for village. Now @89854 having new rule .. lol","@665206 That's Odd! We'd like to have this checked, kindly report it to our support team here: & we'll look into it. ^EM",DELIVERY_ADDRESS,auto
1,1614178,"Hey @AmazonHelp I got an echo before it launched in India and I'm still on the uk server, how do I get it to work for india?",@169982 We'll be happy to help. Kindly connect with us here: ^SG,OTHER,auto
2,1072586,@115821 @AmazonHelp A customer service representative just hung up on my husband while trying to resolve an issue w/our order.,"@173374 I'm sorry to hear this, Maura! We'd like another chance to better assist. What seems to be the issue? We're happy to help! ^BT",SERVICE_COMPLAINT,human
3,2271494,@AmazonHelp This is the last tweet i am doing and I just wanna ask you will i get my refund or not . 4kj,@353737 You will surely receive your refund. Please communicate with us by responding to our email and we'll check for an update. ^NR,REFUND,human
4,785072,@AmazonHelp need a call back regarding Customer service issue. @115850,@307346 Please get in touch with us here: and we'll be glad to help you. ^AU,SERVICE_COMPLAINT,human
5,254035,@AmazonHelp apalling service from Amazon on National Customer Service week! Final straw is not getting my 2 hr call back from some1 in UK!,@176383 Oh no! We'd like to help in any way we can. Do you mind telling us the initial reason for the call? ^NM,SERVICE_COMPLAINT,human
6,2397281,"@AmazonHelp Hiya, another Kids Edition HD8 question, how can I get music on there for the kids on THEIR profile???!","@672634 Hi Stu, music can not be added to a Fire for kids profile. You can find detail's on removing and adding content on the Fire for kids profile by clicking here: ^BZ",OTHER,auto
7,698818,It has been 9 days still didn't get echo invitation It is becoming embracing @121284 @115850 @AmazonHelp,"@286682 Due to heavy demand, we send out a limited number of invites each week. Keep an eye on your inbox. 2/2 ^EM",OTHER,auto
8,435702,@83621 @115830 @AmazonHelp I have a letterbox. Why did your a**hole delivery driver force my door breaking it to leave a card?,@218497 I'm very sorry about this! We'd like to look into this further. Please reach out to us here: ^HM,DELIVERY_ADDRESS,human
9,957927,@AmazonHelp another failed delivery. Why is shipping locally out of New Jersey to Jersey residents so difficult for you?,@347296 I'm sorry for the reoccurring delivery issues. Are you noticing this trend with a certain carrier: ? ^GG,ORDER_STATUS,auto
10,158681,@AmazonHelp not sure I'd say outside my front door is my safe space this is a regular theme guessing new drivers again . Done same to my neighbour to,"@152479 I'm sorry about this delivery experience! Have you set your safe place yet? If not, you can do so here: ^TR",DELIVERY_ADDRESS,auto
11,2226447,@115850 @AmazonHelp Got one of my order today. But received damaged item. See DM for order number and pics.,@649925 We've responded to your query over DM. Kindly check. ^SY,DAMAGED_OR_WRONG,auto
12,2641721,@AmazonHelp @115830 Will my pre-order come on the day of release?,@745482 You can view all the info about Release Day Delivery here: ^AR,ORDER_STATUS,auto
13,876654,@AmazonHelp I appreciate my product being protected but could a smaller box not be found?,"@328135 We're always looking to improve, Adam! Here is where you can express your feedback: ^VB",OTHER,auto
14,96852,@AmazonHelp @115821 can you stop using your own horrible delivery services? 1 package arrived fine 1 package missing. Complete garbage.,"@137139 I'm very sorry for the poor experience, Jordan! This isn't the level of customer service we'd like for you to expect. I want to have a member of my team look into this for you. Please send us your details here: ^FR",ORDER_STATUS,auto
15,1003702,Why there is moto c plus in mobile exchange list @AmazonHelp,"@313372 I'm unable to comprehend your concern, Could you please elaborate this? ^VR",OTHER,auto
16,2033003,@115821 @AmazonHelp @AmazonHelp is there any one who can help regarding produsct status or any thing no one is taking responsibility,"@206197 We would like to help, Arun. Could you please elaborate on your concern? ^VH",ORDER_STATUS,human
17,80808,@AmazonHelp @115821 if my package is expected to be delivered tomorrow why does it not show shipped yet status?,@133927 Many packages are shipped the day they are delivered. We strive to deliver on the delivery date provided on the confirmation email. Please keep us updated on the packages arrival ^BA,ORDER_STATUS,auto
18,1001005,@AmazonHelp I preordered amazon echo but want to go for amazon plus now. Anyway to reach out to seller? I want another invitation.,@161904 We would like to have a closer look. Please drop in your details here: . We will look into it. ^SB,REVIEW_CONTENT,human
19,2064364,"@115850 @AmazonHelp My subscription of amazon prime is going to end soon, so i thought not to renew it As the services r not good lately",@404003 I understand you are upset with our services. Could you please let us know if you have any unaddressed concerns. ^VH,ACCOUNT,auto
20,2804291,"@AmazonHelp @115821 i try to order on certain days so i can be off from work to receive the package because my rental office wont take them anymore,amazon is really screwing up lately and it makes me want to shop elsewhere,i am really pissed",@438214 I'm sorry for the trouble with the recent delivery. Please keep us updated on the replacement. We want to ensure you receive it. ^RR,DELIVERY_ADDRESS,auto
21,660421,"So.. um, @AmazonHelp I don't think my package is coming, it's still in New Jersey, I live in Delaware, my other order came today. Just not the car charger","@117986 I'm happy you received your other package! I completely understand your concern however, we need to make sure if your order will arrive by the estimated delivery time. Please, let us know if it arrives on time. We look forward to hearing from you. ^EB",ORDER_STATUS,auto
22,1272361,"@AmazonHelp my orders page is redirecting me to the ""manage your kindle"" page. also got a weird email from __email__?",@417841 HI! Clearing your cache and cookies will help and here's information to help with that email: ^CM,APP_WEBSITE,human
23,1563755,@AmazonHelp Haven't got my cashback yet. Hellppp!!!!!,"@293724 I understand your concern. Have you happened to report this to our team here: ? If not, please do. ^ST",PAYMENT,auto
24,1271579,"@AmazonHelp @115850 I havnt got my refund yet...for my order no. 406-5219321-0534711, one of the red bull can was damaged.",@417690 We'd like to take a closer look into this. Please fill this form: and we'll get back to you.(1/2)^AU,REFUND,human
25,334046,"@AmazonHelp hey I ordered a kit with toothpaste and a toothbrush but I only recieved a toothbrush as shown in the photos, what should I do?",@195596 Sorry it was missing the toothpaste. We can look into your options with you here: ^AF,DAMAGED_OR_WRONG,auto
26,2094060,@AmazonHelp I did not get any call from the delivery guy but got this message,@618720 We apologize for the inconvenience. Please report this to our support team here: for assistance. ^BV,DELIVERY_ADDRESS,auto
27,215981,"@AmazonHelp Hey I'm a Canadian visiting the US, so I ordered something to that address. It got cancelled and locked. I can wait. But will I be able to order it once unlocked? or will it lock again","@167357 Just to confirm, was your order placed on or .ca? Have you received an e-mail from our Account Specialists? They typically reach out via e-mail with 2 business days. ^LI",RETURN_CANCEL,human
28,59541,@AmazonHelp my prime parcel should have been delivered today and still no sign? Item was needed for a present but no show,"@129582 I'm so sorry your parcel hasn't arrived, Laura! Have you received an updated delivery date? ^WJ",ORDER_STATUS,auto
29,80560,@AmazonHelp is there anyway to get an update on return that was delivered to Amazon 2 days ago?,@133884 Hello! It generally takes 5-7 business days for your bank to process your refund after we received the return. You can track your return here: .^CN,RETURN_CANCEL,auto
30,229119,"@AmazonHelp hi yeah, you've taken money out of my account twice for one thing",@170638 Hi Sophie. Can you please use this link to provide details and I'll investigate this for you: ^RL,REFUND,human
31,841301,@AmazonHelp Contacted many times through email. Still not received my Cashback for my earlier order. Sort out this.,@320150 Sorry about that! Kindly fill in your details here: and we'll look into this. ^PB,PAYMENT,auto
32,1385740,"Its manufacturing default in that @117013 Xperia @AmazonHelp It's hardware prblm frm manufacturing,still they are not accepting #sonyxperia",@384698 We've responded to your query here: ^AK,DAMAGED_OR_WRONG,human
33,752971,@AmazonHelp VISA DEBIT RETAIL PURCHASE Amazon.ca Prime 727831280489..... #Fraud,"@299947 I'm sorry for the unexpected charge, Yuri! Here's some reasons why this could've happened: ^FD",PAYMENT,human
34,868633,"Hey @AmazonHelp , I love it when your package couriers toss $500 worth of electronics (with lith ion batteries) over my fence so they can bake in the hot FL sun... Is it so hard to walk them to the door? This is sensitive stuff.",@326252 I'm so sorry to see the way your package was delivered! Will you confirm the carrier listed for your package? ^HC,DELIVERY_ADDRESS,human
35,988326,@AmazonHelp Accidentally bought George Michael's 'Ladies And Gentlemen...'. Please can you arrange a refund? I haven't downloaded it. Thanks,@354158 Oh my! We'd be happy to help. Please reach us via phone or chat here: so we can take a look! ^AB,REFUND,auto
36,529021,@AmazonHelp this is now getting ridiculous I have been let down 2 times now and want this sorted out.,@242497 Could you please explain what the issue is? Was this an order made with us? Who is the seller? ^BD,OTHER,human
37,22579,"@AmazonHelp it's 3rd week still I haven't received my replacement order, I had received unworkable mobile & still it's not replace #Amazon",@120933 We have emailed you here: Kindly check & reply to it for further assistance. ^SY,ORDER_STATUS,human
38,667732,"@AmazonHelp is amzon pantry available to satna mp 485001,pls tell",@279160 We currently do not deliver Amazon Pantry to 485001. You could check the list of eligible pin codes here ^VM,OTHER,auto
39,1031873,@AmazonHelp Help me please.,"@364158 We are here to help Seth. W/o posting personal info, are you able to elaborate on the issue? ^PK",OTHER,human
40,227141,@AmazonHelp driver dumped all plastic ice trays outside my property last night. Really not impressed. Order #: 204-8456651-5115516,@170180 I am very sorry to see this. Please fill in the link and we will reach out to you as soon as possible. ^CR,DELIVERY_ADDRESS,auto
41,408786,@AmazonHelp I have a charge from Amazon I don't recognize??,@212453 Oh no! Read through some helpful unknown charge scenarios here: Let us know if this works! ^SA,PAYMENT,human
42,1728605,@115821 almost two hours waiting for a reply from @AmazonHelp Great customer service indeed,"@522626 Without personal info, was the issue resolved? ^MC",SERVICE_COMPLAINT,human
43,1203382,"@115821 @AmazonHelp thanks to ur driver 2day my bf n I lost out on our #snes bc they didn't use the locker but ""delivered"" them somewhere",@402702 I'm sorry for the delivery issue! Just to confirm; who's the carrier under tracking info: ? ^WT,DELIVERY_ADDRESS,human
44,2283482,@115821 @AmazonHelp so I returned 2 items and was only refunded for 1. What do I do?,@306396 That's odd! Did you return the items in the same box? We'd like to help! ^KJ,REFUND,human
45,641799,@AmazonHelp how are your delivery drivers allowed to just leave parcels on the doorstep in clear sight of everyone who walks past giving them the opportunity to take it...really not impressed. At least put it in the back garden or something...,@272311 I'm sorry your parcels haven't been left in a safe location! Have you designated a safe place for deliveries when you're not in? You can find out more about this here: ^KH,DELIVERY_ADDRESS,auto
46,1118633,Another big packing dabba from @115821 @AmazonHelp for the small size boxes,@146929 It is a matter of concern. Kindly submit the feedback on packaging here: . We'll work on it. ^HR,OTHER,auto
47,2124833,"Hmmmm @AmazonHelp this was delivered to work, there is no garden!","@625780 I'm sorry to see this, Alex! We'd like to take a closer look. When you can, please ring us here: ^HC",DELIVERY_ADDRESS,auto
48,1677130,"@AmazonHelp want to cancel the order, already paid but whats the use if it is going to take more than 10 days to deliver? So how to do it?","@227293 I understand your concern. To cancel the order, please refer: ^MO",RETURN_CANCEL,auto
49,1225185,"So @115821 can't get my copy of #origins on time, so they sent me a code for a digital copy. Nice looking out. @AmazonHelp","@407433 I'm sorry for any inconvenience caused, but I am truly glad to hear we were able to find an adequate solution together! ^JE",OTHER,auto
50,964776,@AmazonHelp @115850 I'm expecting a parcel today (bday gift for someone) and courier guy is not answering the calls. Disappointed,@348993 Sorry to know about the issue with delivery. Please call us here : and we'll have this checked. ^NR,DELIVERY_ADDRESS,auto
51,245174,@AmazonHelp how long does it take to get a star wars battlefront 2 beta code for pre ordering??,@174202 We'd be happy to help! Reach us here via chat/phone so we can take a look with you in real-time: ^KN,ORDER_STATUS,auto
52,854362,Initiate exchange for a defective product and received again another defective..what kind of cheating is it @115850 @AmazonHelp @115821,"@322918 I'm sorry to hear about the trouble with the order. We'd like to help, kindly connect with us here: ^MA",DAMAGED_OR_WRONG,human
53,2266716,"Hey @116090 - UR DOIN' IT WRONG DX So glad I got this album on release day LIKE YOU ""GUARANTEED"" I WOULD. @AmazonHelp","@659772 Hello, I am very sorry to see this delay. Has the tracking on the order been updated? ^CR",ORDER_STATUS,auto
54,2790504,@AmazonHelp another disappointment...order an e-voucher instead and someone has managed to hack in and steal it within seconds of it being available..,@777471 I am so sorry about your order! Have you had a chance to reach out to us via phone? ^LS,ACCOUNT,human
55,989034,"@AmazonHelp just had a missed delivery email, yet I am home! Delivery person didn't ring or knock","@294489 Hi Yoyo, sorry to hear that! Did you get a calling card left? ^AT",DELIVERY_ADDRESS,auto
56,1081451,@AmazonHelp I've got Prime but how can I watch the walking dead season 8 on Prime?,"@375105 I'm sorry. At this time, it appears Season 8 is not available for streaming. Please check back later! ^ST",OTHER,auto
57,835148,My recent history with the @115821 & @AmazonHelp proves tht now days they have a new hobby of making people fool by placing wrong price 2/3,"@318841 can work on it. For pricing related information, please refer: (2/2)^AU",REVIEW_CONTENT,human
58,2954483,@AmazonHelp @115821 @115830 so I tried to get some help and now Amazon or someone pretending to be Amazon is asking me for all my personal and card details. #somethingisnotright,@815512 Thank you for bring this to our attention! We would never request personal information via Twitter! ^LS,ACCOUNT,human
59,1635705,My order is dispatched but it shows monday delivery. Any chances to make it deliver before sunday ? @115850 @AmazonHelp,@344048 We cannot promise you early delivery. Request you to wait. 2/2 ^NK,ORDER_STATUS,auto
60,311333,"@AmazonHelp @115850 order a book, when i tried to track it shows delivered to tamanna i don't know who she is not in my contact",@145909 I'm sorry about the conflicting tracking update. Kindly reach out to us here: and we'll check it. ^GK,DELIVERY_ADDRESS,human
61,1345575,"@AmazonHelp Hey, Amazon asks for monthly statement for my new card, but I have no statement yet, What can I do? My account is on hold now :(",@433759 I'm sorry about the account trouble! I'd recommend contacting your bank and requesting a statement from them. ^LB,ACCOUNT,human
62,778899,"@AmazonHelp How long does it take for an order of in-stock items to ship, generally? I've been waiting for about a week, still prepping.",@306017 We aim to meet the delivery date provided in your order confirmation e-mail: . Has this changed? ^CL,ORDER_STATUS,auto
63,2356886,"@AmazonHelp - plz help. 2nd attmpt w/ my xbox &the Amaz Trade-in program. Denied 1st time, msg said, 'Power Cord Not Included.' It was shipped back; I called Amazon CS they said ""create a new trade-in, put cord in box, ship back."" I did. Denied again. See image. Frustrated.","@680854 Hello Jay! Sorry about the frustration. The image provided shows two unique items selected. For the 'Name Your Game Bundle', could you check to see what is required for trade-in? Trade-In information can be found here: ^TE",RETURN_CANCEL,human
64,2604908,"@AmazonHelp hi, I've a problem, today I has been charged on my credit card for something that I'm not buying it","@667008 Hi, without providing any personal information, can you let us know how much the charge was? ^KI",PAYMENT,human
65,1327797,@120781 @115850 @AmazonHelp Ordered DDR4 ram laptop recieved DDR3 (good price difference) fooling customers who bought product!,"@429788 We're addressing your query via DM, kindly take a look. ^MS",DAMAGED_OR_WRONG,human
66,580642,"@AmazonHelp been waiting since 20th November for my order via prime, after 2 failed deliveries the book finally arrived and is ripped...","@256789 I'm very sorry that your book arrived late, and damaged, Emily. Please set up a return for a refund or replacement, here: And please let us know if we can be of further assistance! ^SP",DAMAGED_OR_WRONG,human
67,2888283,I have never had a single package delivered on time when it's sent AMZL. what's up with that @115821 @AmazonHelp,"@434237 I'm sorry! This certainly isn't the experience we want you to have. I'd like to have a member of my team take a look into this for you. When you get a moment, please provide us with some additional details: Thanks! ^SW",ORDER_STATUS,auto
68,2133370,"@AmazonHelp had a situation where my sister credit card was charged for my annual fee for prime, wondering if she can get her money back?",@627708 Hi! If you haven't used any Prime services and cancel it here: you'll get a full refund. ^RL,REFUND,human
69,737159,@AmazonHelp I have raised a return request 408-7456269-9685902 can you check is it refund or replacement?,@192726 order/account details as we consider them to be personal information. Our Twitter page is visible to public. ^PB (2/2),RETURN_CANCEL,auto
70,1181432,@AmazonHelp ive made 2 separate orders tonight but with the same card yet one order keeps asking me to revise my payment method?,"@254772 Hi, Let's take a look here to see if we can get this resolved: ^MO",PAYMENT,auto
71,685794,@AmazonHelp ur a joke i ordered two parcels one was fucking empty and the other never even came but both say delievered in their tracking status,@283702 I'm sorry you didn't receive your parcels as expected. Please reach out to us here: so we can look into this with you. We'd like to help! ^ZW,ORDER_STATUS,human
72,1436649,@AmazonHelp @115821 and there is no one taking the call at customer service i'm never gonna buy anything again from Amazon.worst site,@453167 I'm sorry about that. Kindly connect with us via char/email. We'll check this for you. ^SG,SERVICE_COMPLAINT,human
73,2602950,@AmazonHelp @115830 sat at home waiting for my parcel and have just received this! No one has even been with my parcel! Sat in all day for this! #badservice,"@736622 I'm sorry to hear that your parcel didn't arrive as expected. Has it missed the delivery date provided in your order confirmation e-mail? Please let us know, we're here to help! ^AZ",DELIVERY_ADDRESS,auto
74,870151,@AmazonHelp ur customer service is pathetic. WILL SOMEONE CARE? my registered email address is __email__,@326613 Please don’t provide your details as we consider them to be personal info. Our page is visible to public. ^SG(2/2),SERVICE_COMPLAINT,human
75,880000,@AmazonHelp Can I have a refund on my gift card,"@328641 Great question, Reece! Gift Card refunds are particular per issue, so here is some more info: ^JD",REFUND,auto
76,1044300,@115850 @115851 @115821 @AmazonHelp Prime membership didn't work it's take 6 day to delivery my product bad service from Amazon,@366786 We've responded to your query here: . ^HA,ORDER_STATUS,auto
77,727381,@AmazonHelp my account has been hacked and I can't find a UK contact number,@294247 Hi Katy- Sorry to hear about your account. Can you report this to us directly via: Thank you ^NV,ACCOUNT,human
78,2301870,"@AmazonHelp My Amazon shopping app offered me an 30 day free trial for prime but when I go to Prime Membership it says ""Your membership will be active soon"" any help?",@668033 We're here to help! We're unable to view your account via Twitter but would be glad to take a closer look here: ^AB,ACCOUNT,auto
79,258835,Wot a joke! @AmazonHelp I paid 4 #amazonprime just got an undelivered notification on an item I needed 4 2morrow & I was in! #primesucks,@177537 I'm so sorry for the trouble! We'd like to look at this with you. Please call or chat with us: ^MH,ORDER_STATUS,auto
80,1125175,@AmazonHelp @118919 I have not received my cashback for order no. 403-7428184-1258738 dated 20 November. What r u wanted prove? I have already mentioned detail on my Facebook account 5 hour ago. No response.... Don't tease me.....,@385304 Please don’t provide your order details as we consider them to be personal information. Our page is visible to the public.^SU,PAYMENT,human
81,1187107,"@AmazonHelp Whats going on with the Samurai Jack bluray set? Ordered 10 days ago, still hasnt shipped ORDER # 111-2408987-9730628","@399146 We can't access your orders here, but we want to look into this for you. What was the estimated delivery date for your order?^NS",ORDER_STATUS,auto
82,2617260,@AmazonHelp my book I ordered came without the first 26 pages.. um what,@302999 I'm sorry you're missing pages from your book! Please visit us at the following link to check out our return options: ^WT,DAMAGED_OR_WRONG,auto
83,1777723,"@AmazonHelp Hi, I'm a Prime member with Amazon.de located in Belgium. I want to buy a Fire TV Stick, but the site keeps telling me that they can not ship it to BE. Is there another way to get it shipped to Belgium?","@534149 Hi! Unfortunately not. Only in in Germany and Austria. There is also a message on top of the product page which is telling that: ""This product only ships to Germany or Austria"". Sorry! Best regards ^AS",OTHER,auto
84,282448,@AmazonHelp how do I get rid of this error on my fire stick even after following the change home location instructions?,@183290 That's unusual. Please report this to our support team here: and we will assist you. ^NK,OTHER,auto
85,2557230,"@AmazonHelp I don't need help, but I want to call out that I orderded 6 small-ish things, and I received 3 packages. Everything was in containers too big for what they actually were. All could have fit in one box. Super wasteful.",@726010 Not all items are arriving from the same location which may result in multiple packages. We're always looking for ways to improve. You can leave your feedback with us here: ^KP,OTHER,auto
86,458863,"@115821 is now late with the third straight package. This one was needed for an interview and won't make it, putting me in a bind. Tell me why I shouldn't cancel my prime membership and taking my business elsewhere. @AmazonHelp",@223977 I'm sorry you haven't received your order. That's not the type of service that we aim to provide. Who's the carrier for the order? You can find that information here: ^FJ,ORDER_STATUS,human
87,947745,@115821 @115850 @AmazonHelp Can you provide me House of Marley customer care no.? My headphone is not working!,@344752 I'm sorry to hear that. Please get in touch with them here: ^AU,OTHER,auto
88,2578600,"@AmazonHelp help Netflix on my firestick has no audio on most shows and films but works perfectly on others... I have un plugged, waited 60secs and reinstalled the app nothing is working????",@731048 I'm sorry there have been problems with the audio on your Fire TV Stick. We'd like to help. Please contact us directly via phone or chat to troubleshoot: ^JF,APP_WEBSITE,auto
89,2245392,@AmazonHelp My account was blocked by Amazon when I tried to purchase an item (I have no idea why!) and I received an email asking me to send my card statement to a US fax number. I'm in Brazil and I don't have access to fax. Can you please help me to restore my account?,@654426 I'm sorry to hear about your account! The Account Specialist will need this information faxed to them in order to work on a resolution. They're also in the best position to assist with the account. Please reply directly to the e-mail they've sent with any concerns. ^AB,ACCOUNT,human
90,697248,@AmazonHelp My order is 5 days late and has now been rescheduled for delivery. Why have Prime if I could get something faster via USPS?,@286367 I'm so sorry for the wait. Were you ever sent an e-mail stating why the order was rescheduled? ^MH,ORDER_STATUS,auto
91,1327031,@AmazonHelp your delivery driver left my fire tablet outside my house for 3 hours and marked it as 'handed to resident' ?? What if had been stolen?,"@429619 I'm sorry for the trouble! When you have the time, please reach out to us via phone or chat here: ^KP",DELIVERY_ADDRESS,auto
92,1209890,@AmazonHelp happy with your service - just sometimes the packaging could be improved #amazon #Packaging,@404011 Sorry about this Markus. Which Amazon website did you purchase the order on? ^KM,OTHER,auto
93,648460,.@AmazonHelp @115850 still no calls or mails .. super service ... pLEASE improve ur social media service,"@119350 Also, please ensure that you've added your email address to your Amazon.in account and then share the details in the link. (2/2) ^MO",SERVICE_COMPLAINT,human
94,2304228,20:05 on a sunday and still waiting on @AmazonHelp delivering... where the hell R you #amazon #AmazonPrime,"@122347 I'm sorry for the wait on your order. We do deliver until 21:00 daily, 22:00 if Amazon logistics is your courier. Please reach back out if you haven't received your order by then. We're here for you. ^AN",ORDER_STATUS,auto
95,542191,@AmazonHelp Paid extra for one day delivery and still isnt out for delivery for today... what the the point,@245827 Hi there! Has the delivery missed the date listed in the confirmation e-mail? ^AP,ORDER_STATUS,auto
96,1137287,Hi @AmazonHelp I bought something from a 3rd party through amazon. Item arrived broken and inadequately packaged. No response to messages.,@259977 Hi Hayden- Sorry to hear about your item- When did you contact Seller? ^NV,DAMAGED_OR_WRONG,human
97,879200,@AmazonHelp Product support window for a product is closed and I have not received my refund. Can I get a call back?,"@178318 I understand your concern, please contact us here: so that we can assist you accordingly. ^SS",REFUND,human
98,2946857,@AmazonHelp Hoping you can help me with an order and why payment is still pending.,"@813929 Thanks for reaching out to us, Russ! We are unable to view orders via Twitter. Has your order shipped yet? You can check here: ^SW",PAYMENT,auto
99,2979689,"@AmazonHelp Hiiiii, so I purchased a product last week (from LLC) and the delivery date is supposed to be tomorrow/Friday but it hasnt even been shipped???? There's no messaging option so who do I contact because this is very frustrating.","@821769 Thanks for reaching out to us! It's not uncommon for orders to ship near or even on the day of delivery. If your order doesn't arrive by when expected, please reach out to us here: ^HS",ORDER_STATUS,auto
100,1335072,"@AmazonHelp Hi, I sent a refund request for a gift order and have not heard back after 48 hours - can you help?",@296755 We're unable to view your order via Twitter but we'd like to help! Please reach us via phone/chat: ^AB,REFUND,human
101,1231246,Dear @AmazonHelp waiting on delivery since 23rd told by CS would be delivered between 6:30pm-9 on 24th I waited. Today? #stillnothing,@408795 I'm so sorry you haven't gotten your package yet! Can you tell us the most recent tracking info? ^HS,ORDER_STATUS,auto
102,2396359,@115830 @AmazonHelp when I try and log in it says 'no account found for that email address' - it's an amazon account I've had for years linked to my hotmail email. I am worried! Help! It's got e.g. all my kindle books on it!,"@689766 I'm sorry for any concern this causes, Jennifer! Have you received any e-mails from us? I'd recommend also checking in your Spam/Junk folder, as sometimes these messages are routed there by mistake. Let us know! ^WT",ACCOUNT,human
103,2724534,@AmazonHelp Amazon i need help i m very old amazon user and not even get free trial of amazon prime atleast provide me trial period of 2 days so i can spend rs 999 for amazon prime,"@764178 The Prime free trial was a promotional offer. However, you can refer here: for more benefits with Prime. ^SG",ACCOUNT,auto
104,2774136,@115850 @AmazonHelp Unable to get information on how to claim warranty for one of the products. App is also not helpful,"@775308 I understand your concern, please contact us via and our support team would assist you. ^MD",OTHER,auto
105,328468,"@AmazonHelp @115821 When does a pre order item ship relative to its release date?? ex. If release is Nov.7 when will it ship, I have prime",@194317 Great question! Was your item eligible for Release Date Delivery? ^AC,ORDER_STATUS,auto
106,2613181,"Dear @AmazonHelp, Why do I pay to have next day delivery and then the carrier f*&k$ it up (UPS) and it takes longer? Getting tired of wasting my money #AmazonPrime #notdeliveredaspromised",@738780 I'm so sorry for your poor experience! Have we missed the date that we provided at checkout? We'd like to help! ^ZW,ORDER_STATUS,human
107,1278843,@AmazonHelp @115850 OrderID 402-0535499-9849941 got shiped by courier which has no service in our location. will get cancld like past ordr,@419257 That's strange. Let us help you out here. Please drop your details here: and we'll reach out to you. ^VM,DELIVERY_ADDRESS,auto
108,2081546,@AmazonHelp Chat help unimpressive. Communication even worse. Will be going out at 11pm to replace order. #customerservicefail #amazon,"@615570 I'm sorry to hear this. Without posting account info, can you tell us more about the issue? Which options were given? ^LI",SERVICE_COMPLAINT,human
109,1743709,@115850 @AmazonHelp Today a contest result out again I'm not lucky 1.Every contest I participated.It is my 58 no. Can I won in future?,@272296 Nevermind. We keep conducting contests. We wish you all the very best for the upcoming ones. Fingers crossed. ^RI,OTHER,auto
110,2986099,@AmazonHelp @115830 is there any reason you've suddenly started to preauth all transactions and then process the charge in a separate transaction?? This is causing havoc on my prepaid card because you're holding funds instead of just doing one else transaction.,"@823375 Sorry for any troubles caused! After an order is placed, we contact the issuing bank to confirm that the payment method is valid. Most card issuers release authorisations within 3-5 business days. You can learn more about authorisations here: ^TH",PAYMENT,human
111,1558775,1/2 @AmazonHelp @126705 This is disgusting service!!!! You've both delivered to our address before. I've paid extra for this!!,"@338849 Oh my! I'm sorry for this. Just to clarify, can you verify no info is missing on the address for this? ^AL",DELIVERY_ADDRESS,human
112,2826471,"@AmazonHelp Hej, I ordered a Nintendo Switch as part of the Cyber Monday deal. I got though and placed an order but you cancelled it as you had a problem with my card. Do I have any rights to re-order or do I just lose out? The site says I did 'claim the deal.'","@787323 Hi Ian, that sounds very strange! Apologies if this has caused any inconvenience. Please get in touch with us via this link: . We would like to look into this further for you. ^JC.",RETURN_CANCEL,human
113,1021064,@AmazonHelp Not sure how the location was closed when it was my home address?,@361622 We're sorry for the trouble this has caused you! Please contact our support team via this link: ^WM,DELIVERY_ADDRESS,auto
114,1297475,@AmazonHelp I work on your Mturk platform & use Amazon Payments to get paid. You stole $188.79 from me. When will U give it back? #amazon,"@423200 I'm sorry for the frustration! Have you had a chance to reach out to us? If not, can do so here: ^AC",PAYMENT,human
115,1084989,"@AmazonHelp @127187 @115851 Order# 405-2964732-9352306 Replacement Not Provided for the Stone Delivery instead of Mobile, Sufferring Loss of 7,500 for Fresh Order. Return Initiated without any Resolution or Compensation. Diwali Gift Ruined by Amazon","@344751 Please don't provide your order number, we consider it to be personal info. Our Twitter page is visible to the public. ^MP",DAMAGED_OR_WRONG,human
116,1252208,@115850 @AmazonHelp I don't nee this item with so much problem. Please do return. Please please....,@413688 Kindly contact our support team here: so that we can assist you accordingly.(2/2)^VH,RETURN_CANCEL,auto
117,465765,"@AmazonHelp posted items for selling, got an email confirmation as suspended. Need assistance. It's a home decor item, added in the same category.",@182055 Our seller support team will be happy to assist you. You can connect with the team here: . ^CB,ACCOUNT,human
118,622495,Was expecting a resolution call as promised by Amazon.in yesterday for the complaint raised . But to no avail.. __email__ :( @115850 @AmazonHelp,"@267749 My apologies, Vikas. We'd like to help you. Kindly share your details here: and we'll contact you at the earliest. ^NK",SERVICE_COMPLAINT,human
119,922250,2nd time in 7 days where my @115821 package is marked delivered but is not in my possession. Why even pay for prime? @AmazonHelp,@338934 I'm sorry for the reoccurring delivery issues. Are you noticing this issue with a certain carrier: ? ^GG,ORDER_STATUS,human
120,2424666,Thanks to the shit @115821 delivery driver who put my delivery behind the car wheel without even leaving a note to say it was there?? Or even knocking on the door to give us the parcel??? @AmazonHelp @123644 @115830,@696284 I'm terribly sorry this has happened with your parcel! Please give us a call or chat with us here as soon as you can: ^VF,DELIVERY_ADDRESS,human
121,1280565,@AmazonHelp utterly disappointed with the communication on order # 114-6443171-9633002,"@419627 Hi there! We can't access your account through Twitter. Without personal details, could you let us know how we can help? ^JD",SERVICE_COMPLAINT,auto
122,2769005,.@115821 @AmazonHelp tried many times to call but no no chance ... What a pathetic service guys ... U won't last for long if u will be like his in India .taking money and not delivering even after a month,"@119350 Alternatively, you may reach out to our team via E-mail/Chat using the link shared earlier. ^GK",ORDER_STATUS,human
123,1261137,"@AmazonHelp Hi, my order was supposed to arrive the 24 but it hasn't, and it keep saying it will arrive the 24. What can I do?","@415442 Hello Juan, for better assistance, can you please let us know which site you order from , etc.? ^LM",ORDER_STATUS,auto
124,192322,@AmazonHelp I am not able to cancel my order..plz help,@161170 We'd be happy to help! These steps will help walk you through canceling the order: ^ML,RETURN_CANCEL,auto
125,963294,"@115821 @115850 @AmazonHelp ordered a product, in the meanwhile Amazon changed product specification, later denied any involvement",@348603 That's strange. Kindly provide your details here: and I'll get back to you. ^SH,REVIEW_CONTENT,human
126,972517,@AmazonHelp trying to see all 26 offers on a product and its not letting me using the android app,"@350682 Hi, sorry to hear that, are you getting an error message? ^JJ",APP_WEBSITE,auto
127,420432,"@AmazonHelp Recharged phone using niki.ai app,payed using Amazon pay,but the phone didn't top up.no history in AmazonApp either. Ordr detail",@215209 Kindly reach out to the support team of the service provider (niki). They should be able to help you out. ^AP,PAYMENT,human
128,892730,@AmazonHelp Hi. I have issues regarding exchange of mobile fone. can your agent reach out to me on call?,"@331979 Kindly connect with our support team here: , for assistance. ^MA",RETURN_CANCEL,auto
129,2952276,".@AmazonHelp You guys, Monroe was probably the best customer service rep I've ever had. Incredibly helpful and threw in a few jokes. Also, the man's got a voice for radio...y'all need to get this guy on the airwaves, ASAP.","@815193 That's awesome to hear, Cameron! I'm glad to hear Monroe was funny and helpful! 😁 ^SD",OTHER,auto
130,21905,Anyone here who has used Amazon Echo or Echo plus? How is the experience? Have a couple of questions that their @AmazonHelp rep doesn't know,@120773 Sorry about that. Kindly elaborate the issue and we'll be happy to help. ^AK,OTHER,auto
131,334871,@AmazonHelp 6 years of shopping and never had an issue with CS until tonight. 10 mins later and no reply.,"@195804 That's not the experience we like to see. Without posting any personal/account info, can you tell me about the issue? ^GG",SERVICE_COMPLAINT,auto
132,1774801,@AmazonHelp please start providing other shipping options for Prime than @115817. Their customer service and delivery sucks!!,@533365 I'm sorry for the frustration! Do you have a current order that you're having issues with here: ? ^TN,OTHER,auto
133,1232870,I had order the pendrive bt the courier man is nt ready to delivery it 2 my doorstep and He cancled order on his own @119356 @AmazonHelp,"@409154 I'm sorry about the trouble with the delivery. We'd like to help, kindly connect with us here: ^MA",DELIVERY_ADDRESS,human
134,1425361,@AmazonHelp when will you going to announce the result of payquiz??,@429588 Could you help us with the link of the contest you're referring about? We'd like to check and get back to you. ^VM,OTHER,auto
135,1568712,"@AmazonHelp, I have Prime and deployed to Poland. I get the service area restriction message. How can I get Prime to work here?","@458895 I'm sorry for the troubles, Tray! We'd like to help if we can. Just to clarify, are you trying to ship to Poland or to the US? ^AL",ACCOUNT,auto
136,1701279,"Never did imagine ""world's most customer centric' company can give this much trouble. Great going @AmazonHelp",@149450 I'm sorry you're upset with us. Could you let us know what went wrong? ^HA,SERVICE_COMPLAINT,human
137,2802338,"@AmazonHelp My phone with my 2FA/MFA code app died, and the ""Sign in using alternative factors"" link at 404s.",@781724 I'm sorry for the frustration! We'd like our Account Specialist to look into this for you. When you have a moment contact us here: ^AC,ACCOUNT,human
138,1031705,"@AmazonHelp no one came today as well! Tomorrow is the only off I've, after that I won't b available for return on my address.","@305629 I'm sorry to know that, Saumya. We're working on it, you should hear an update from us soon. Keep an eye on your mailbox. ^MP",RETURN_CANCEL,human
139,2864798,"@AmazonHelp saw your delivery person with my own eyes toss an armful of ""delicate"" packages into our building's lobby from outside. Parcels full of computer parts/Christmas gifts. What kind of people do you hire? Never seen a USPS postman behave like this.","@551076 Thank you for reaching out to us via Twitter to let us know about this! This is not the type of delivery experience we strive to provide! Just to clarify, which carrier was completing delivery? Was on of your orders here included: ? ^BN",DELIVERY_ADDRESS,human
140,2282964,"@AmazonHelp Just got a package that looked like this. Haven't opened it yet to make sure the item is ok, but wasn't sure who to tell.",@663513 I'm so sorry about this. If any of the contents are damaged please report it using this link: ^GR,DAMAGED_OR_WRONG,auto
141,356696,"@AmazonHelp package delay, no updates! Oct 5, then 7, no further updates :(","@200697 Terribly sorry for the delays, Barry! Who is the carrier for the order? Let's check here: ^JZ",ORDER_STATUS,auto
142,1161694,Courier boys claims to rape our sisters on #apnidukanpar @115821 @115850 @115830 @AmazonHelp @123644,@332948 Please revert to the correspondence from us. We'll get back to you. 2/2 ^HD,DELIVERY_ADDRESS,human
143,2305763,@AmazonHelp You really dropped the ball on a recent order and I will no longer be an amazon customer. Your customer service is abysmal!,"@590013 I'm sorry for the disappointing customer service experience, Jeannye. Without providing personal or account information, can you tell us a little more about what's going on? What options have been provided so far? Please let us know! ^FD",SERVICE_COMPLAINT,human
144,639534,@AmazonHelp I was the buyer? Why did you send me the email meant for the seller?,@271700 I'm sorry to hear about this! Please disregard the e-mail you received. You can view the status of any A-to-z Guarantee claims you have opened here: ^JS,REVIEW_CONTENT,auto
145,2622542,@AmazonHelp mail __email__ - 79 8471 8690- unable to login even after password change. always says incorrect even after changing password - tired,@740915 I'm sorry to hear about your account. Please contact our specialist team via for further assistance. ^PR,ACCOUNT,human
146,2850613,"@AmazonHelp Got an email confirming a returnless refund had been processed as a gift card balance, about 3 hours ago, and not yet showing - Just as query, roughly how long should I give it before becoming concerned?",@216145 The time it takes to have the refund processed to a gift card depends on the original payment method. You can find some helpful information on refund processing times here: ^AD,REFUND,auto
147,1207263,"@AmazonHelp What disgusting nobody is bothering about my issue, even they don't respond to my repeated tweets.",@370611 provide your details in the link shared by 'NR' here: & we'll assist you. (2/2)^SF,SERVICE_COMPLAINT,human
148,1243767,"@AmazonHelp Hello, can I have some help with an issue I'm having, I'm quite confused about how I'd do a product return",@411797 We're happy to help! Was this item sold/fulfilled by a third-party seller or Amazon? Order info: ^WM,RETURN_CANCEL,auto
149,1603732,Hey @AmazonHelp the package that's supposedly arriving on Thursday doesn't seem to have any updates for the past 7 days.,@492151 That's odd! Could you please report it to our support team here: we'll check and reach out to you.^AP,ORDER_STATUS,auto
150,665517,@AmazonHelp Hey.. i ordered a book three days back but now it's available at Rs 100 discount. It hasn't been delivered yet. Help??,@278560 Due to constant changes in the market place we experience price fluctuations & we do not price match for this situation. ^MJ,ORDER_STATUS,auto
151,1041643,@AmazonHelp I've disputed charges from you and you've said I would be contacted by act. Spec. No contact. You deleted my Prime. What gives?,"@366345 I'm sorry for the delay in response! We'd love to assist with this! Just to clarify, what Marketplace are you shopping from? ( )? ^AR",PAYMENT,human
152,1282283,"@AmazonHelp @115821 Amazon Prime is a JOKE! Two-day shipping is apparently FIVE-day shipping, DONT WASTE YOUR MONEY ON THEIR LIES","@419988 Oh no, Nicole! Have we missed a delivery promise shown here: . Let us know, we'd be happy to help!^SK",ORDER_STATUS,human
153,2619687,@AmazonHelp I received a notification to say my parcel was delivered at 12:40pm but I was in and no one knocked. There's no card through the door and the parcel is nowhere to be seen.,"@740268 So sorry to hear about the issues with your delivery, Paul! Do you have a safe place set up for deliveries that the courier may have left the parcel at? ^GS",ORDER_STATUS,human
154,246942,@AmazonHelp to check the product status...refund was fired from your side.,"@174664 We regret about the unpleasant experience. Kindly fill in your details here: , and I'll look into it. ^NR",REFUND,auto
155,2742967,"A 3rd Party Seller tried some shenanigans with a hard-to-find Lego set, and @amazonhelp took care of it with outstanding customer service, again.","@768317 We appreciate you letting us know things are sorted, Ethan! Please don't hesitate to contact us again if you need any help! ^CS",OTHER,auto
156,1190313,@AmazonHelp recived my last order from Amazon.in now I am going to delete the account in few daya,"@391228 Thanks for letting us know that you've received the order. Do keep us posted in case of any unresolved issues, we'll assist. ^KA",ACCOUNT,human
157,883541,@AmazonHelp I accidently preordered 3 copies of ww2 and I forgot to cancel them then my account got suspended so whud my orders go through,"@329811 Uh oh, three copies?! 😰 Please reach out to us via this link so that we can help: Thanks! ^EA",RETURN_CANCEL,human
158,2367997,@AmazonHelp why did I get charged $40 for cancelling my prime membership? I cancelled it because I didn't have $10.99. this is unacceptable,@683430 I'm very sorry for this issue. We can't view account info via Twitter so please let us look into this with you here: ^DO,PAYMENT,human
159,2641725,Just got hung up on by @amazonhelp,@300522 I'm sorry to hear about the connection issues! Please reach us again via phone or chat here: ^SH,SERVICE_COMPLAINT,human
160,2819878,@1384 @AmazonHelp,"@785972 While we're working on expanding our services, I'll be sure to forward your feedback to the concerned team internally. ^AP",OTHER,human
161,516621,"@AmazonHelp Hi, i just had an inquiry about price because i was thinking about ordering the Razer Blackwidow Chroma V2 and the Razer Deathadder as the prices on them had gone down and as soon as i was about to order them, they went back up!",@239073 Sounds like you may have seen our daily deal or a lightning deal on these. You can view more information on these deals here: ^SG,OTHER,auto
162,1129907,"1/1 @115850 @AmazonHelp I m kepin followup frm mre 3 thn mnths for cashback of below orders Had call numbers of times, always some","@386303 Please don't provide your order details, we consider it personal information. Our Twitter page is visible to public. ^HA",PAYMENT,human
163,2929506,@Amazonhelp hi i m not able to call your cust care through app or toll free number please help,@810412 Sorry for the trouble with the application. We do not have any number as such. Could you please let us know what is the error message? ^HR,APP_WEBSITE,auto
164,1505431,Hello @AmazonHelp @115850 Friend of mine got her order in damaged condition. Can you please check,@351200 Please don’t provide your order details as it is personal information. Our page is visible to the public.2/2^HN,DAMAGED_OR_WRONG,auto
165,787863,@AmazonHelp I would like to know why didn't you ship my order yet?? (Signed John Green book),"@307922 Hi, what's the estimated delivery date of your order? ^JJ",ORDER_STATUS,auto
166,1717540,@AmazonHelp #amzl is useless if they don't take business addresses into consideration when planning their route.,@520075 Please allow my team to look into this issue further. Use this link so that we may do so: ^DO,DELIVERY_ADDRESS,auto
167,1251981,@AmazonHelp i have to present it on 28th oct.if u can deliver by that day then its ok else cancel#134116563750 urgent delivery required,@413685 We can't promise a pre-delivery for the order. Did we miss the estimated delivery date of your order? ^HR,ORDER_STATUS,human
168,2503567,"@AmazonHelp hi there, we placed on order on Amazon Prime to be delivered today but it hasn't arrived. Tracking says ""Parcel left the carrier facility"" since 10am and it's now 8pm",@714022 Hello! Sorry about your wait. Some carriers deliver until 21:00 so it may still arrive by the end of day. If you do not receive your package please reach out to us here: so we may better assist you. Thanks. ^AP,ORDER_STATUS,auto
169,1515279,@AmazonHelp and it's quite obvious customer isn't that important. Not a sorry for the inconvenience to be heard. Got yo be a better way.,"@471566 I'm sorry to hear about this poor experience! Without sharing personal account details, could you let us know what happened? ^TH",SERVICE_COMPLAINT,human
170,2468574,Why does my @AmazonHelp app always do this? Literally every time I use it it does this...,"@706256 Hi Craig, I'm sorry for the troubles when using the app! Have you tried uninstalling then reinstalling the app? ^AB",APP_WEBSITE,auto
171,227939,"@115821@AmazonHelp@amazonIN #mail the courier, now you will not send ecom,today we are again sending goods from ecom",@170346 We've sent the correspondence to your registered email ID. Kindly check it here: ^GK,DELIVERY_ADDRESS,human
172,295850,".@AmazonHelp is it normal practice for your delivery drivers to not ring the bell, drop the parcel then kick it to the doorstep?","@186458 Thank you for the info, Jules! We'd like to know more about this from you. Reach out to us here: ^AL",DELIVERY_ADDRESS,auto
173,2284553,"@AmazonHelp Hi, I am a prime member but was charged delivery charges, isn't that free for prime members",@206571 Not all items on Amazon qualify for free shipping. You can check details here : . Hope this helps. ^CB,ACCOUNT,auto
174,1616271,Seriously guys!? @115850 @AmazonHelp @123644 @115821 #Amazon,"@495663 Seller fulfilled items are dispatched directly by sellers. These items are indicated by the message ""Sold and fulfilled by a seller. Also, the delivery charges are decided by the sellers. I'll be sure to pass on your feedback. ^AK",OTHER,human
175,533216,"@AmazonHelp why, when I ordered a Fire 10 on the Black Friday weekend, do I have to wait until 13th Dec [best dates for any colour] - but if I order today, I get it 4 days earlier [9 Dec]? Or tomorrow by changing colours.","@243532 Hello, Ray. Thanks for reaching out to us today. Are you able to confirm that both listings are for the same version of the item as far as the storage capacity and whether they come with special offers or not? Check your orders here: ^FJ",ORDER_STATUS,auto
176,2923508,@AmazonHelp @115821 your call center ppl don't speak enough English to understand that you packed parts of 3 orders in a box then put the wrong shipping label and I got 2 items I didn't order instead of the 4 I did,@809017 Oh no! Have you visited our returns center here: to process a return? ^BE,DAMAGED_OR_WRONG,human
177,1886074,.@AmazonHelp will you ever get a delivery right? Yet again delivery instructions have being ignored. Already contacted the head of logistics,"@562548 When you got in touch, did we provide any advice? ^BM",DELIVERY_ADDRESS,human
178,1558064,@AmazonHelp I done buying stuff on Amazon untile the stop using FedEx and Deling my order four the secent time,"@481574 Hello, we apologize for the delay that your order has obtained. Hav you been provided a new delivery date ? ^CR",DELIVERY_ADDRESS,human
179,2434186,@AmazonHelp Hi guys. Do you have an estimate date of when price ordination of the wishlist will be back at the Brazilian site?,"@698515 Hi Pollyanna, currently we don't have this information, any news will be published in the website. 😊 ^DA",OTHER,auto
180,930334,@AmazonHelp what does this mean? I've been in all day waiting for this. We pay for prime to get next day delivery. Not 5 days later.,"@191942 I apologize for the troubles with your delivery, Kimberly. Based on the screenshot, the delivery will be attempted again tomorrow. Please keep us updated on the delivery! ^AB",ORDER_STATUS,auto
181,2646194,"@AmazonHelp Disappointed that your own couriers haven't bothered to deliver for 2 days in a row. Ordered on Monday, and still not delivered despite someone being in, leave in safe place selected and extra delivery info added after first 'attempt'. #PayingForPrime #NotTheFirstTime","@746588 So sorry to hear about the delay, Matt! This is not what we expect at all! Can you please reach out to us here so that we can look into your order further: ^GS",DELIVERY_ADDRESS,human
182,511635,Worst customer experience ever! Been told every day for last 4 days that my parcel will arrive tomorrow but nothing! Where is the customer obsession? @AmazonHelp,@237626 We appreciate you reaching out to us on Twitter. What does the most recent tracking information for your order state here: ? ^GG,ORDER_STATUS,human
183,1020102,@amazonhelp I seem to have to account. 1 with Prime & the other without. I want to cancel the 1 without Prime. How?,"@231087 We can help with this! If you'd like to remove your account, please reach out to us via phone/chat here: ^TK",ACCOUNT,human
184,1474132,@AmazonHelp how do I opt into photo delivery? I hit opt out to see what happens but I actually want it. #prime #amazon,@462199 Thanks for reaching out to us! We'd love to help you set that up so please reach out to us here: ^DD,ACCOUNT,auto
185,15668,#SuperValueDayQuiz Where is the result of super value day quiz conducted on Oct 1 and 2 ? @AmazonHelp,@119446 The results will be announced soon. Kindly stay tuned for updates. ^AK,OTHER,auto
186,1282333,@AmazonHelp After 4 hour the my payment not shown in amazon pay. Order # 402-5763660-1721927,@419993 Please don’t provide order details as we consider them to be personal info. Our Twitter page is visible to public. (2/2)^BS,PAYMENT,auto
187,130384,@AmazonHelp how long can a pending psn plus code take ? this has also been my first purchase on amazon.,@145401 I'm sorry for the delay. Digital orders can take up to four hours to process. Once the order is complete you'll receive a confirmation e-mail. ^LR,ORDER_STATUS,auto
188,183075,@AmazonHelp Talked regarding delivery delay issue worst experience. Unprofessional cs agent,@159057 I'm sorry for the unpleasant experience. Please report this by reverting our email. ^HA,SERVICE_COMPLAINT,human
189,2849114,"@AmazonHelp Is there a way I can make sure that NONE of my packages get shipped with @118706 again? They lose 1/3 of the shipments they handle for me, and I'm getting quite tired of paying for prime for the free two-day shipping and USPS almost NEVER gets my packages here on time.","@792293 I'm sorry to hear this. Have you had a chance to report this to us so we could forward this information to our shipping team? You can do so by phone, chat, or e-mail here: ^GR",DELIVERY_ADDRESS,human
190,2863396,"@AmazonHelp who would I need to contact about my recent order that says delivered but nothing was ever received to mailbox, door, etc.?",@795373 Hey there! I'm sorry you haven't received your package yet! Here is a help page with some helpful steps on what to do if this situation occurs: ^GM,ORDER_STATUS,human
191,1208406,"@AmazonHelp hey, how do I add my Years prime promo code so i get the account for a year free? Thanks",@363744 Please reach us here: so we can look into this with you in real-time. ^EZ,PAYMENT,auto
192,544346,@115821 @AmazonHelp Two smashed deliveries in a many days!?!?!!! What the fuck is going on over there??? #wtf,"@239691 I'm sorry you've received smashed packages. If the contents inside have been affected, please visit for the refund and replacement options. ^MG",DAMAGED_OR_WRONG,human
193,2240680,@AmazonHelp ;How long will a product to get to Nigeria and at what rate will it cost me.,@653292 This would depend on the product slected and the seller of the item. Can you proceed through the checkout process you will be advised of the estimated delivery date before the payment option at the checkout stage. Thanks ^GA,OTHER,auto
194,932675,@AmazonHelp My account was locked by security reasons and still charging to my credit card __email__,@341234 We can't check your account here. Can you contact us here: ? ^MC,ACCOUNT,human
195,2983665,@AmazonHelp Hi i have a query i live in Marthahalli bridge area (Bengaluru) . can you tell me where is the nearest location for phone exchange ???,@822766 Are you referring to the mobile exchange program on our website? ^SY,RETURN_CANCEL,auto
196,622441,Hi @AmazonHelp you have charged me twice for the same order? Can someone help me please?,"@267738 Thank you for reaching out, Tabitha! I'm sorry you're seeing two charges for the same order. Just to clarify, is the second charge you're seeing an authorization charge? If it is, you can learn how to remove it here: ^TH",REFUND,human
197,1692613,"Hey @AmazonHelp I can't log in, yet KNOW FOR A FACT I am using the correct email & password, even reset it to be sure. Help please...","@204310 Hello, John! I'm sorry to hear of your issue. We have no account access but are waiting to help here: ^TM",ACCOUNT,human
198,594591,@AmazonHelp Why is Prime one day delivery not really one day at the moment? Every order over the last few weeks has been two days? Given that's the main benefit of Prime it's quite annoying...,@260868 I certainly understand your concern! Shipping is based on transit times as some items may need additional processing. We strive to meet the date given in check out. You can view more information here: . ^HC,ORDER_STATUS,auto
199,987409,@AmazonHelp my daughter (amazon uk customer) has received email from Amazon.de in German about an order (she hasn't placed) to DE address.,"@353971 Hi, is it possible that she received a phishing email: http: ? ^JJ",ACCOUNT,human
